kantarell1.jpg	kantarell
kantarell2.jpg	kantarell
kantarell3.jpg	kantarell
kantarell4.jpg	kantarell
kantarell5.jpg	kantarell
flugsvamp1.jpg	flugsvamp
flugsvamp2.jpg	flugsvamp
flugsvamp3.jpg	flugsvamp
flugsvamp4.jpg	flugsvamp
flugsvamp5.jpg	flugsvamp
flugsvamp6.jpg	flugsvamp
karljohan1.jpg	karljohan
karljohan2.jpg	karljohan
karljohan3.jpg	karljohan
karljohan4.jpg	karljohan
karljohan5.jpg	karljohan
champinjon1.jpg	champinjon
champinjon2.jpg	champinjon
champinjon3.jpg	champinjon
champinjon4.jpg	champinjon
champinjon5.jpg	champinjon
murkla1.jpg	murkla
murkla2.jpg	murkla
murkla3.jpg	murkla
murkla4.jpg	murkla
murkla5.jpg	murkla
fingersvamp1.jpg	fingersvamp
fingersvamp2.jpg	fingersvamp
fingersvamp3.jpg	fingersvamp
fingersvamp4.jpg	fingersvamp
fingersvamp5.jpg	fingersvamp
vitflugsvamp1.jpg	vitflugsvamp
vitflugsvamp2.jpg	vitflugsvamp
vitflugsvamp3.jpg	vitflugsvamp
vitflugsvamp4.jpg	vitflugsvamp
vitflugsvamp5.jpg	vitflugsvamp
trattskivling1.jpg	trattskivling
trattskivling2.jpg	trattskivling
trattskivling3.jpg	trattskivling
trattskivling4.jpg	trattskivling
trattskivling5.jpg	trattskivling
giftspindling1.jpg	giftspindling
giftspindling2.jpg	giftspindling
giftspindling3.jpg	giftspindling
giftspindling4.jpg	giftspindling
giftspindling5.jpg	giftspindling

