aspsopp1.jpg	aspsopp
aspsopp2.jpg	aspsopp
aspsopp3.jpg	aspsopp
kantarell1.jpg	kantarell
kantarell2.jpg	kantarell
kantarell3.jpg	kantarell
kantarell4.jpg	kantarell
kantarell5.jpg	kantarell
kantarell6.jpg	kantarell
kantarell7.jpg	kantarell
kungschampinjon1.jpg	kungschampinjon
kungschampinjon2.jpg	kungschampinjon
kungschampinjon3.jpg	kungschampinjon
kungschampinjon4.jpg	kungschampinjon
kungschampinjon5.jpg	kungschampinjon
kungschampinjon6.jpg	kungschampinjon
olivvaxskivling1.jpg	olivvaxskivling
olivvaxskivling2.jpg	olivvaxskivling
olivvaxskivling3.jpg	olivvaxskivling
olivvaxskivling4.jpg	olivvaxskivling
olivvaxskivling5.jpg	olivvaxskivling
olivvaxskivling6.jpg	olivvaxskivling
rödFlugsvamp1.jpg	rödFlugsvamp
rödFlugsvamp2.jpg	rödFlugsvamp
rödFlugsvamp3.jpg	rödFlugsvamp
rödFlugsvamp4.jpg	rödFlugsvamp
rödFlugsvamp5.jpg	rödFlugsvamp
smörsopp1.jpg	smörsopp
smörsopp2.jpg	smörsopp
smörsopp3.jpg	smörsopp
smörsopp4.jpg	smörsopp
smörsopp5.jpg	smörsopp
smörsopp6.jpg	smörsopp
smörsopp7.jpg	smörsopp
smörsopp8.jpg	smörsopp
stensopp1.jpg	stensopp
stensopp2.jpg	stensopp
stensopp3.jpg	stensopp
stensopp4.jpg	stensopp
stensopp5.jpg	stensopp
stensopp6.jpg	stensopp
stensopp7.jpg	stensopp
stensopp8.jpg	stensopp
stensopp9.jpg	stensopp
stensopp10.jpg	stensopp
trattkantarell1.jpg	trattkantarell
trattkantarell2.jpg	trattkantarell
trattkantarell3.jpg	trattkantarell
trattkantarell4.jpg	trattkantarell
trattkantarell5.jpg	trattkantarell
trattkantarell6.jpg	trattkantarell
trattkantarell7.jpg	trattkantarell
trattkantarell8.jpg	trattkantarell
trattkantarell9.jpg	trattkantarell
trattkantarell10.jpg	trattkantarell
trattkantarell11.jpg	trattkantarell
trattkantarell12.jpg	trattkantarell
trattkantarell13.jpg	trattkantarell
vitflugsvamp1.jpg	vitFlugsvamp
vitflugsvamp2.jpg	vitFlugsvamp
vitflugsvamp3.jpg	vitFlugsvamp
vitflugsvamp4.jpg	vitFlugsvamp
vitflugsvamp5.jpg	vitFlugsvamp